{"client_meta":{"background_color":{"r":0.11764705926179886,"g":0.11764705926179886,"b":0.11764705926179886,"a":1},"thumbnail_size":{"width":400,"height":91},"render_coordinates":{"x":-16,"y":38,"width":17559,"height":3989}},"file_name":"Untitled","developer_related_links":[],"exported_at":"2026-05-07T10:19:28.304Z"}